{
"skeleton": { "hash": "M8mu4cCO6S4WTxJfUz6kLIN7r6w", "spine": "2.1.27", "width": 70, "height": 396.79 },
"bones": [
	{ "name": "root" },
	{ "name": "bone", "parent": "root", "length": 88.12, "x": 0.47, "y": 45.91, "rotation": 90 },
	{ "name": "bone2", "parent": "bone", "length": 90.34, "x": 116.97, "rotation": -0.45 },
	{ "name": "bone3", "parent": "bone2", "length": 73.86, "x": 116.02, "y": -0.03 }
],
"slots": [
	{ "name": "spear", "bone": "root", "attachment": "spear" },
	{ "name": "blah1", "bone": "root", "attachment": "shield" }
],
"skins": {
	"default": {
		"blah1": {
			"shield": {
				"type": "mesh",
				"uvs": [ 0, 0, 0.33333, 0, 0.66666, 0, 1, 0, 1, 0.33333, 1, 0.66666, 1, 1, 0.66666, 1, 0.33333, 1, 0, 1, 0, 0.66666, 0, 0.33333, 0.33333, 0.33333, 0.33333, 0.66666, 0.66666, 0.33333, 0.66666, 0.66666 ],
				"triangles": [ 11, 0, 1, 12, 1, 2, 11, 1, 12, 14, 2, 3, 12, 2, 14, 14, 3, 4, 10, 11, 12, 13, 12, 14, 10, 12, 13, 15, 14, 4, 13, 14, 15, 15, 4, 5, 9, 10, 13, 8, 13, 15, 9, 13, 8, 7, 15, 5, 8, 15, 7, 7, 5, 6 ],
				"vertices": [ -35, 36, -11.66, 36, 11.66, 36, 35, 36, 35, 12, 35, -12, 35, -36, 11.66, -36, -11.66, -36, -35, -36, -35, -12, -35, 12, -11.66, 12, -11.66, -12, 11.66, 12, 11.66, -12 ],
				"hull": 12
			}
		},
		"spear": {
			"spear": {
				"type": "skinnedmesh",
				"uvs": [ 1, 0.1955, 1, 0.22746, 1, 0.51933, 1, 0.563, 1, 1, 0, 1, 0, 0.56194, 0, 0.52465, 0, 0.22959, 0, 0.1987, 0, 0, 1, 0 ],
				"triangles": [ 8, 1, 2, 8, 9, 1, 9, 0, 1, 9, 10, 0, 10, 11, 0, 3, 7, 2, 3, 6, 7, 7, 8, 2, 5, 3, 4, 5, 6, 3 ],
				"vertices": [ 1, 3, 10.01, -9.49, 1, 2, 2, 114.28, -9.63, 0.08067, 3, -1.74, -9.59, 0.91932, 1, 2, 6.87, -10.47, 1, 2, 1, 107.69, -10.52, 0.30033, 2, -9.18999, -10.6, 0.69966, 1, 1, -53.11, -10.52, 1, 1, 1, -53.11, 11.47, 1, 2, 1, 108.08, 11.47, 0.28617, 2, -8.97, 11.4, 0.71382, 2, 1, 121.8, 11.47, 0.01045, 2, 4.73999, 11.5, 0.98954, 2, 2, 113.32, 12.36, 0.12982, 3, -2.7, 12.4, 0.87017, 1, 3, 8.66, 12.49, 1, 1, 3, 81.78, 13.06, 1, 1, 3, 81.94999, -8.93, 1 ],
				"hull": 12
			}
		}
	}
},
"animations": {
	"walk": {
		"bones": {
			"root": {
				"rotate": [
					{ "time": 0, "angle": 0 }
				],
				"translate": [
					{ "time": 0, "x": 0, "y": 0 }
				],
				"scale": [
					{ "time": 0, "x": 1, "y": 1 }
				]
			},
			"bone": {
				"rotate": [
					{ "time": 0, "angle": 0 }
				],
				"translate": [
					{ "time": 0, "x": 0, "y": 0 }
				],
				"scale": [
					{ "time": 0, "x": 1, "y": 1 }
				]
			},
			"bone2": {
				"rotate": [
					{ "time": 0, "angle": 0 },
					{ "time": 0.5, "angle": -73.31 }
				],
				"translate": [
					{ "time": 0, "x": 0, "y": 0, "curve": "stepped" },
					{ "time": 0.5, "x": 0, "y": 0 }
				],
				"scale": [
					{ "time": 0, "x": 1, "y": 1 }
				]
			},
			"bone3": {
				"rotate": [
					{ "time": 0, "angle": 0, "curve": "stepped" },
					{ "time": 0.5, "angle": 0 },
					{ "time": 0.8333, "angle": -63.84 }
				],
				"translate": [
					{ "time": 0, "x": 0, "y": 0 }
				],
				"scale": [
					{ "time": 0, "x": 1, "y": 1 }
				]
			}
		},
		"ffd": {
			"default": {
				"blah1": {
					"shield": [
						{ "time": 0 },
						{
							"time": 0.8333,
							"vertices": [ -70.83993, 67.80394, -43.00996, 40.47997, 0, 0, 0, 0, 0, 0, 0, 0, 0, 0, 0, 0, 0, 0, 0, 0, 0, 0, -43.00996, 40.47997, -21.25201, 16.69801 ]
						}
					]
				}
			}
		}
	}
}
}