{
   "bones":[
      {
         "name":"root"
      },
      {
         "name":"feet",
         "parent":"root"
      },
      {
         "name":"hands",
         "parent":"feet"
      }
   ],
   "slots":[
      {
         "name":"standing_idle",
         "bone":"feet",
         "attachment":"gfx/player/standing_idle"
      },
      {
         "name":"standing_jump_up",
         "bone":"feet"
      },
      {
         "name":"standing_turn",
         "bone":"feet"
      },
      {
         "name":"walking",
         "bone":"feet"
      },
      {
         "name":"standing_to_crouch",
         "bone":"feet"
      },
      {
         "name":"hanging_climb_up",
         "bone":"feet"
      }
   ],
   "skins":{
      "default":{
         "hanging_climb_up":{
            "gfx/player/standing_climbing/standing_climbing_01":{
               "y":19,
               "width":32,
               "height":48
            },
            "gfx/player/standing_climbing/standing_climbing_02":{
               "y":19,
               "width":32,
               "height":48
            },
            "gfx/player/standing_climbing/standing_climbing_03":{
               "y":19,
               "width":32,
               "height":48
            },
            "gfx/player/standing_climbing/standing_climbing_04":{
               "y":19,
               "width":32,
               "height":48
            },
            "gfx/player/standing_climbing/standing_climbing_05":{
               "y":19,
               "width":32,
               "height":48
            },
            "gfx/player/standing_climbing/standing_climbing_06":{
               "y":19,
               "width":32,
               "height":48
            },
            "gfx/player/standing_climbing/standing_climbing_07":{
               "y":19,
               "width":32,
               "height":48
            },
            "gfx/player/standing_climbing/standing_climbing_08":{
               "y":19,
               "width":32,
               "height":48
            },
            "gfx/player/standing_climbing/standing_climbing_09":{
               "y":11,
               "width":32,
               "height":48
            },
            "gfx/player/standing_climbing/standing_climbing_10":{
               "y":11,
               "width":32,
               "height":48
            },
            "gfx/player/standing_climbing/standing_climbing_11":{
               "y":3,
               "width":32,
               "height":48
            },
            "gfx/player/standing_climbing/standing_climbing_12":{
               "y":3,
               "width":32,
               "height":48
            },
            "gfx/player/standing_climbing/standing_climbing_13":{
               "x":7,
               "y":3,
               "width":32,
               "height":48
            },
            "gfx/player/standing_climbing/standing_climbing_14":{
               "x":7,
               "y":-5,
               "width":32,
               "height":48
            },
            "gfx/player/standing_climbing/standing_climbing_15":{
               "x":6,
               "y":-5,
               "width":32,
               "height":48
            },
            "gfx/player/standing_climbing/standing_climbing_16":{
               "x":6,
               "y":-5,
               "width":32,
               "height":48
            },
            "gfx/player/standing_climbing/standing_climbing_17":{
               "x":5,
               "y":-5,
               "width":32,
               "height":48
            },
            "gfx/player/standing_climbing/standing_climbing_18":{
               "x":4,
               "y":-5,
               "width":32,
               "height":48
            },
            "gfx/player/standing_climbing/standing_climbing_19":{
               "x":4,
               "y":-5,
               "width":32,
               "height":48
            },
            "gfx/player/standing_climbing/standing_climbing_20":{
               "x":3,
               "y":-5,
               "width":32,
               "height":48
            },
            "gfx/player/standing_climbing/standing_climbing_21":{
               "x":3,
               "y":-13,
               "width":32,
               "height":48
            },
            "gfx/player/standing_climbing/standing_climbing_22":{
               "x":3,
               "y":-13,
               "width":32,
               "height":48
            },
            "gfx/player/standing_climbing/standing_climbing_23":{
               "x":3,
               "y":-21,
               "width":32,
               "height":48
            },
            "gfx/player/standing_climbing/standing_climbing_24":{
               "x":3,
               "y":-22,
               "width":32,
               "height":48
            },
            "gfx/player/standing_climbing/standing_climbing_25":{
               "y":-23,
               "width":32,
               "height":48
            }
         },
         "standing_idle":{
            "gfx/player/standing_idle":{
               "y":20,
               "width":32,
               "height":48
            }
         },
         "standing_jump_up":{
            "gfx/player/standing_jump_up/standing_jump_01":{
               "x":5,
               "y":23,
               "width":32,
               "height":48
            },
            "gfx/player/standing_jump_up/standing_jump_02":{
               "x":5,
               "y":23,
               "width":32,
               "height":48
            },
            "gfx/player/standing_jump_up/standing_jump_03":{
               "x":5,
               "y":23,
               "width":32,
               "height":48
            },
            "gfx/player/standing_jump_up/standing_jump_04":{
               "x":5,
               "y":23,
               "width":32,
               "height":48
            },
            "gfx/player/standing_jump_up/standing_jump_05":{
               "x":-3,
               "y":23,
               "width":32,
               "height":48
            },
            "gfx/player/standing_jump_up/standing_jump_06":{
               "x":-3,
               "y":23,
               "width":32,
               "height":48
            },
            "gfx/player/standing_jump_up/standing_jump_07":{
               "x":5,
               "y":23,
               "width":32,
               "height":48
            },
            "gfx/player/standing_jump_up/standing_jump_08":{
               "x":5,
               "y":23,
               "width":32,
               "height":48
            },
            "gfx/player/standing_jump_up/standing_jump_09":{
               "x":5,
               "y":23,
               "width":32,
               "height":48
            },
            "gfx/player/standing_jump_up/standing_jump_10":{
               "x":5,
               "y":23,
               "width":32,
               "height":48
            },
            "gfx/player/standing_jump_up/standing_jump_11":{
               "x":5,
               "y":23,
               "width":32,
               "height":48
            },
            "gfx/player/standing_jump_up/standing_jump_12":{
               "x":5,
               "y":23,
               "width":32,
               "height":48
            },
            "gfx/player/standing_jump_up/standing_jump_13":{
               "x":-3,
               "y":23,
               "width":32,
               "height":48
            },
            "gfx/player/standing_jump_up/standing_jump_14":{
               "x":-3,
               "y":23,
               "width":32,
               "height":48
            },
            "gfx/player/standing_jump_up/standing_jump_15":{
               "x":-3,
               "y":23,
               "width":32,
               "height":48
            },
            "gfx/player/standing_jump_up/standing_jump_16":{
               "x":5,
               "y":22,
               "width":32,
               "height":48
            },
            "gfx/player/standing_jump_up/standing_jump_17":{
               "x":-1,
               "y":22,
               "width":32,
               "height":48
            },
            "gfx/player/standing_jump_up/standing_jump_18":{
               "y":21,
               "width":32,
               "height":48
            }
         },
         "standing_to_crouch":{
            "gfx/player/standing_to_crouch/standing_to_crouch_01":{
               "x":12,
               "y":15,
               "width":32,
               "height":48
            },
            "gfx/player/standing_to_crouch/standing_to_crouch_02":{
               "x":12,
               "y":14,
               "width":32,
               "height":48
            },
            "gfx/player/standing_to_crouch/standing_to_crouch_03":{
               "x":12,
               "y":12,
               "width":32,
               "height":48
            },
            "gfx/player/standing_to_crouch/standing_to_crouch_04":{
               "x":12,
               "y":6,
               "width":32,
               "height":48
            },
            "gfx/player/standing_to_crouch/standing_to_crouch_05":{
               "x":12,
               "y":1,
               "width":32,
               "height":48
            },
            "gfx/player/standing_to_crouch/standing_to_crouch_06":{
               "x":12,
               "y":-3,
               "width":32,
               "height":48
            },
            "gfx/player/standing_to_crouch/standing_to_crouch_07":{
               "x":12,
               "y":-5,
               "width":32,
               "height":48
            }
         },
         "standing_turn":{
            "gfx/player/standing_turn/standing_turn_01":{
               "x":1,
               "y":21,
               "width":32,
               "height":48
            },
            "gfx/player/standing_turn/standing_turn_02":{
               "x":1,
               "y":21,
               "width":32,
               "height":48
            },
            "gfx/player/standing_turn/standing_turn_03":{
               "x":1,
               "y":21,
               "width":32,
               "height":48
            },
            "gfx/player/standing_turn/standing_turn_04":{
               "x":1,
               "y":21,
               "width":32,
               "height":48
            },
            "gfx/player/standing_turn/standing_turn_05":{
               "x":1,
               "y":21,
               "width":32,
               "height":48
            },
            "gfx/player/standing_turn/standing_turn_06":{
               "x":1,
               "y":21,
               "width":32,
               "height":48
            },
            "gfx/player/standing_turn/standing_turn_07":{
               "x":1,
               "y":21,
               "width":32,
               "height":48
            },
            "gfx/player/standing_turn/standing_turn_08":{
               "x":1,
               "y":21,
               "width":32,
               "height":48
            },
            "gfx/player/standing_turn/standing_turn_09":{
               "x":1,
               "y":21,
               "width":32,
               "height":48
            },
            "gfx/player/standing_turn/standing_turn_10":{
               "x":1,
               "y":21,
               "width":32,
               "height":48
            },
            "gfx/player/standing_turn/standing_turn_11":{
               "x":1,
               "y":21,
               "width":32,
               "height":48
            }
         },
         "walking":{
            "gfx/player/walking/walking_01":{
               "x":5,
               "y":19,
               "width":32,
               "height":48
            },
            "gfx/player/walking/walking_02":{
               "x":-1,
               "y":19,
               "width":32,
               "height":48
            },
            "gfx/player/walking/walking_03":{
               "x":2,
               "y":19,
               "width":32,
               "height":48
            },
            "gfx/player/walking/walking_04":{
               "x":4,
               "y":19,
               "width":32,
               "height":48
            },
            "gfx/player/walking/walking_05":{
               "x":8,
               "y":19,
               "width":32,
               "height":48
            },
            "gfx/player/walking/walking_06":{
               "x":11,
               "y":19,
               "width":32,
               "height":48
            },
            "gfx/player/walking/walking_07":{
               "x":6,
               "y":19,
               "width":32,
               "height":48
            },
            "gfx/player/walking/walking_08":{
               "y":19,
               "width":32,
               "height":48
            },
            "gfx/player/walking/walking_09":{
               "x":3,
               "y":19,
               "width":32,
               "height":48
            },
            "gfx/player/walking/walking_10":{
               "x":4,
               "y":18,
               "width":32,
               "height":48
            },
            "gfx/player/walking/walking_11":{
               "x":8,
               "y":19,
               "width":32,
               "height":48
            },
            "gfx/player/walking/walking_12":{
               "x":2,
               "y":19,
               "width":32,
               "height":48
            }
         }
      }
   },
   "animations":{
      "crouch_to_standing":{
         "slots":{
            "standing_idle":{
               "attachment":[
                  {
                     "time":0,
                     "name":null
                  }
               ]
            },
            "standing_to_crouch":{
               "attachment":[
                  {
                     "time":0,
                     "name":"gfx/player/standing_to_crouch/standing_to_crouch_07"
                  },
                  {
                     "time":0.0666,
                     "name":"gfx/player/standing_to_crouch/standing_to_crouch_06"
                  },
                  {
                     "time":0.1333,
                     "name":"gfx/player/standing_to_crouch/standing_to_crouch_05"
                  },
                  {
                     "time":0.2,
                     "name":"gfx/player/standing_to_crouch/standing_to_crouch_04"
                  },
                  {
                     "time":0.2666,
                     "name":"gfx/player/standing_to_crouch/standing_to_crouch_03"
                  },
                  {
                     "time":0.3666,
                     "name":"gfx/player/standing_to_crouch/standing_to_crouch_02"
                  },
                  {
                     "time":0.4333,
                     "name":"gfx/player/standing_to_crouch/standing_to_crouch_01"
                  }
               ]
            }
         }
      },
      "hanging_to_climb_up":{
         "bones":{
            "feet":{
               "translate":[
                  {
                     "time":0,
                     "x":0,
                     "y":64
                  }
               ]
            }
         },
         "slots":{
            "hanging_climb_up":{
               "attachment":[
                  {
                     "time":0,
                     "name":"gfx/player/standing_climbing/standing_climbing_25"
                  },
                  {
                     "time":0.0666,
                     "name":"gfx/player/standing_climbing/standing_climbing_24"
                  },
                  {
                     "time":0.1333,
                     "name":"gfx/player/standing_climbing/standing_climbing_23"
                  },
                  {
                     "time":0.2,
                     "name":"gfx/player/standing_climbing/standing_climbing_22"
                  },
                  {
                     "time":0.2666,
                     "name":"gfx/player/standing_climbing/standing_climbing_21"
                  },
                  {
                     "time":0.3333,
                     "name":"gfx/player/standing_climbing/standing_climbing_20"
                  },
                  {
                     "time":0.4,
                     "name":"gfx/player/standing_climbing/standing_climbing_19"
                  },
                  {
                     "time":0.4666,
                     "name":"gfx/player/standing_climbing/standing_climbing_18"
                  },
                  {
                     "time":0.5333,
                     "name":"gfx/player/standing_climbing/standing_climbing_17"
                  },
                  {
                     "time":0.6,
                     "name":"gfx/player/standing_climbing/standing_climbing_16"
                  },
                  {
                     "time":0.6666,
                     "name":"gfx/player/standing_climbing/standing_climbing_15"
                  },
                  {
                     "time":0.7333,
                     "name":"gfx/player/standing_climbing/standing_climbing_14"
                  },
                  {
                     "time":0.8,
                     "name":"gfx/player/standing_climbing/standing_climbing_13"
                  },
                  {
                     "time":0.8666,
                     "name":"gfx/player/standing_climbing/standing_climbing_12"
                  },
                  {
                     "time":0.9333,
                     "name":"gfx/player/standing_climbing/standing_climbing_11"
                  },
                  {
                     "time":1,
                     "name":"gfx/player/standing_climbing/standing_climbing_10"
                  },
                  {
                     "time":1.0666,
                     "name":"gfx/player/standing_climbing/standing_climbing_09"
                  },
                  {
                     "time":1.1333,
                     "name":"gfx/player/standing_climbing/standing_climbing_08"
                  },
                  {
                     "time":1.2,
                     "name":"gfx/player/standing_climbing/standing_climbing_07"
                  },
                  {
                     "time":1.2666,
                     "name":"gfx/player/standing_climbing/standing_climbing_06"
                  },
                  {
                     "time":1.3333,
                     "name":"gfx/player/standing_climbing/standing_climbing_05"
                  },
                  {
                     "time":1.4,
                     "name":"gfx/player/standing_climbing/standing_climbing_04"
                  },
                  {
                     "time":1.4666,
                     "name":"gfx/player/standing_climbing/standing_climbing_03"
                  },
                  {
                     "time":1.5333,
                     "name":"gfx/player/standing_climbing/standing_climbing_02"
                  },
                  {
                     "time":1.6,
                     "name":"gfx/player/standing_climbing/standing_climbing_01"
                  }
               ]
            },
            "standing_idle":{
               "attachment":[
                  {
                     "time":0,
                     "name":null
                  }
               ]
            }
         }
      },
      "standing_idle":{
         "bones":{
            "feet":{
               "translate":[
                  {
                     "time":0,
                     "x":0,
                     "y":0
                  }
               ]
            }
         }
      },
      "standing_jump_up":{
         "bones":{
            "root":{
               "translate":[
                  {
                     "time":0,
                     "x":0,
                     "y":0
                  }
               ]
            },
            "feet":{
               "translate":[
                  {
                     "time":0,
                     "x":0,
                     "y":0,
                     "curve":"stepped"
                  },
                  {
                     "time":1.5333,
                     "x":0,
                     "y":0
                  },
                  {
                     "time":1.7333,
                     "x":0,
                     "y":19
                  },
                  {
                     "time":1.8,
                     "x":0,
                     "y":20
                  }
               ]
            },
            "hands":{
               "translate":[
                  {
                     "time":0,
                     "x":0,
                     "y":18,
                     "curve":"stepped"
                  },
                  {
                     "time":1.3666,
                     "x":0,
                     "y":18
                  },
                  {
                     "time":1.8,
                     "x":-3,
                     "y":44
                  }
               ]
            }
         },
         "slots":{
            "standing_idle":{
               "attachment":[
                  {
                     "time":0.1666,
                     "name":null
                  }
               ]
            },
            "standing_jump_up":{
               "attachment":[
                  {
                     "time":0.1666,
                     "name":"gfx/player/standing_jump_up/standing_jump_01"
                  },
                  {
                     "time":0.6666,
                     "name":"gfx/player/standing_jump_up/standing_jump_02"
                  },
                  {
                     "time":0.7333,
                     "name":"gfx/player/standing_jump_up/standing_jump_03"
                  },
                  {
                     "time":0.8,
                     "name":"gfx/player/standing_jump_up/standing_jump_04"
                  },
                  {
                     "time":0.8666,
                     "name":"gfx/player/standing_jump_up/standing_jump_05"
                  },
                  {
                     "time":0.9333,
                     "name":"gfx/player/standing_jump_up/standing_jump_06"
                  },
                  {
                     "time":1,
                     "name":"gfx/player/standing_jump_up/standing_jump_07"
                  },
                  {
                     "time":1.0666,
                     "name":"gfx/player/standing_jump_up/standing_jump_08"
                  },
                  {
                     "time":1.1333,
                     "name":"gfx/player/standing_jump_up/standing_jump_09"
                  },
                  {
                     "time":1.2,
                     "name":"gfx/player/standing_jump_up/standing_jump_10"
                  },
                  {
                     "time":1.2666,
                     "name":"gfx/player/standing_jump_up/standing_jump_11"
                  },
                  {
                     "time":1.3333,
                     "name":"gfx/player/standing_jump_up/standing_jump_12"
                  },
                  {
                     "time":1.4,
                     "name":"gfx/player/standing_jump_up/standing_jump_13"
                  },
                  {
                     "time":1.4666,
                     "name":"gfx/player/standing_jump_up/standing_jump_14"
                  },
                  {
                     "time":1.5333,
                     "name":"gfx/player/standing_jump_up/standing_jump_15"
                  },
                  {
                     "time":1.6,
                     "name":"gfx/player/standing_jump_up/standing_jump_16"
                  },
                  {
                     "time":1.6666,
                     "name":"gfx/player/standing_jump_up/standing_jump_17"
                  },
                  {
                     "time":1.7333,
                     "name":"gfx/player/standing_jump_up/standing_jump_18"
                  },
                  {
                     "time":1.8,
                     "name":"gfx/player/standing_jump_up/standing_jump_18"
                  }
               ]
            }
         }
      },
      "standing_jump_up_landing":{
         "bones":{
            "feet":{
               "translate":[
                  {
                     "time":0,
                     "x":0,
                     "y":22
                  },
                  {
                     "time":0.2,
                     "x":0,
                     "y":0
                  }
               ]
            },
            "hands":{
               "translate":[
                  {
                     "time":0,
                     "x":-3,
                     "y":42,
                     "curve":"stepped"
                  },
                  {
                     "time":0.9666,
                     "x":-3,
                     "y":42
                  },
                  {
                     "time":1,
                     "x":0,
                     "y":22
                  }
               ]
            }
         },
         "slots":{
            "standing_idle":{
               "attachment":[
                  {
                     "time":0,
                     "name":null
                  }
               ]
            },
            "standing_jump_up":{
               "attachment":[
                  {
                     "time":0,
                     "name":"gfx/player/standing_jump_up/standing_jump_17"
                  },
                  {
                     "time":0.0666,
                     "name":"gfx/player/standing_jump_up/standing_jump_16"
                  },
                  {
                     "time":0.1333,
                     "name":"gfx/player/standing_jump_up/standing_jump_15"
                  },
                  {
                     "time":0.2,
                     "name":"gfx/player/standing_jump_up/standing_jump_14"
                  },
                  {
                     "time":0.2666,
                     "name":"gfx/player/standing_jump_up/standing_jump_13"
                  },
                  {
                     "time":0.3333,
                     "name":"gfx/player/standing_jump_up/standing_jump_12"
                  },
                  {
                     "time":0.4,
                     "name":"gfx/player/standing_jump_up/standing_jump_11"
                  },
                  {
                     "time":0.4666,
                     "name":"gfx/player/standing_jump_up/standing_jump_10"
                  },
                  {
                     "time":0.5333,
                     "name":"gfx/player/standing_jump_up/standing_jump_09"
                  },
                  {
                     "time":0.6,
                     "name":"gfx/player/standing_jump_up/standing_jump_08"
                  },
                  {
                     "time":0.6666,
                     "name":"gfx/player/standing_jump_up/standing_jump_07"
                  },
                  {
                     "time":0.7333,
                     "name":"gfx/player/standing_jump_up/standing_jump_06"
                  },
                  {
                     "time":0.8,
                     "name":"gfx/player/standing_jump_up/standing_jump_05"
                  },
                  {
                     "time":0.8666,
                     "name":"gfx/player/standing_jump_up/standing_jump_04"
                  },
                  {
                     "time":0.9333,
                     "name":"gfx/player/standing_jump_up/standing_jump_03"
                  },
                  {
                     "time":1,
                     "name":"gfx/player/standing_jump_up/standing_jump_02"
                  }
               ]
            }
         }
      },
      "standing_to_climb_down":{
         "bones":{
            "feet":{
               "translate":[
                  {
                     "time":0,
                     "x":0,
                     "y":0
                  }
               ]
            }
         },
         "slots":{
            "hanging_climb_up":{
               "attachment":[
                  {
                     "time":0,
                     "name":"gfx/player/standing_climbing/standing_climbing_02"
                  },
                  {
                     "time":0.0666,
                     "name":"gfx/player/standing_climbing/standing_climbing_03"
                  },
                  {
                     "time":0.1333,
                     "name":"gfx/player/standing_climbing/standing_climbing_04"
                  },
                  {
                     "time":0.2,
                     "name":"gfx/player/standing_climbing/standing_climbing_05"
                  },
                  {
                     "time":0.2666,
                     "name":"gfx/player/standing_climbing/standing_climbing_06"
                  },
                  {
                     "time":0.3333,
                     "name":"gfx/player/standing_climbing/standing_climbing_07"
                  },
                  {
                     "time":0.4,
                     "name":"gfx/player/standing_climbing/standing_climbing_08"
                  },
                  {
                     "time":0.4666,
                     "name":"gfx/player/standing_climbing/standing_climbing_09"
                  },
                  {
                     "time":0.5333,
                     "name":"gfx/player/standing_climbing/standing_climbing_10"
                  },
                  {
                     "time":0.6,
                     "name":"gfx/player/standing_climbing/standing_climbing_11"
                  },
                  {
                     "time":0.6666,
                     "name":"gfx/player/standing_climbing/standing_climbing_12"
                  },
                  {
                     "time":0.7333,
                     "name":"gfx/player/standing_climbing/standing_climbing_13"
                  },
                  {
                     "time":0.8,
                     "name":"gfx/player/standing_climbing/standing_climbing_14"
                  },
                  {
                     "time":0.8666,
                     "name":"gfx/player/standing_climbing/standing_climbing_15"
                  },
                  {
                     "time":0.9333,
                     "name":"gfx/player/standing_climbing/standing_climbing_16"
                  },
                  {
                     "time":1,
                     "name":"gfx/player/standing_climbing/standing_climbing_17"
                  },
                  {
                     "time":1.0666,
                     "name":"gfx/player/standing_climbing/standing_climbing_18"
                  },
                  {
                     "time":1.1333,
                     "name":"gfx/player/standing_climbing/standing_climbing_19"
                  },
                  {
                     "time":1.2,
                     "name":"gfx/player/standing_climbing/standing_climbing_20"
                  },
                  {
                     "time":1.2666,
                     "name":"gfx/player/standing_climbing/standing_climbing_21"
                  },
                  {
                     "time":1.3333,
                     "name":"gfx/player/standing_climbing/standing_climbing_22"
                  },
                  {
                     "time":1.4,
                     "name":"gfx/player/standing_climbing/standing_climbing_23"
                  },
                  {
                     "time":1.4666,
                     "name":"gfx/player/standing_climbing/standing_climbing_24"
                  }
               ]
            },
            "standing_idle":{
               "attachment":[
                  {
                     "time":0,
                     "name":null
                  }
               ]
            }
         }
      },
      "standing_to_crouch":{
         "slots":{
            "standing_idle":{
               "attachment":[
                  {
                     "time":0,
                     "name":null
                  }
               ]
            },
            "standing_to_crouch":{
               "attachment":[
                  {
                     "time":0,
                     "name":"gfx/player/standing_to_crouch/standing_to_crouch_01"
                  },
                  {
                     "time":0.0666,
                     "name":"gfx/player/standing_to_crouch/standing_to_crouch_02"
                  },
                  {
                     "time":0.1333,
                     "name":"gfx/player/standing_to_crouch/standing_to_crouch_03"
                  },
                  {
                     "time":0.2,
                     "name":"gfx/player/standing_to_crouch/standing_to_crouch_04"
                  },
                  {
                     "time":0.2666,
                     "name":"gfx/player/standing_to_crouch/standing_to_crouch_05"
                  },
                  {
                     "time":0.3333,
                     "name":"gfx/player/standing_to_crouch/standing_to_crouch_06"
                  },
                  {
                     "time":0.4,
                     "name":"gfx/player/standing_to_crouch/standing_to_crouch_07"
                  }
               ]
            }
         }
      },
      "standing_turn":{
         "bones":{
            "root":{
               "translate":[
                  {
                     "time":0,
                     "x":0,
                     "y":0
                  }
               ]
            }
         },
         "slots":{
            "standing_idle":{
               "attachment":[
                  {
                     "time":0,
                     "name":null
                  }
               ]
            },
            "standing_turn":{
               "attachment":[
                  {
                     "time":0,
                     "name":"gfx/player/standing_turn/standing_turn_02"
                  },
                  {
                     "time":0.0666,
                     "name":"gfx/player/standing_turn/standing_turn_03"
                  },
                  {
                     "time":0.1333,
                     "name":"gfx/player/standing_turn/standing_turn_04"
                  },
                  {
                     "time":0.2,
                     "name":"gfx/player/standing_turn/standing_turn_05"
                  },
                  {
                     "time":0.2666,
                     "name":"gfx/player/standing_turn/standing_turn_06"
                  },
                  {
                     "time":0.3333,
                     "name":"gfx/player/standing_turn/standing_turn_07"
                  },
                  {
                     "time":0.4,
                     "name":"gfx/player/standing_turn/standing_turn_08"
                  },
                  {
                     "time":0.4666,
                     "name":"gfx/player/standing_turn/standing_turn_09"
                  },
                  {
                     "time":0.5333,
                     "name":"gfx/player/standing_turn/standing_turn_10"
                  },
                  {
                     "time":0.6,
                     "name":"gfx/player/standing_turn/standing_turn_11"
                  }
               ]
            }
         }
      },
      "walking":{
         "bones":{
            "root":{
               "translate":[
                  {
                     "time":0,
                     "x":0,
                     "y":0
                  }
               ]
            },
            "feet":{
               "translate":[
                  {
                     "time":0,
                     "x":0,
                     "y":0
                  },
                  {
                     "time":1.1,
                     "x":-32,
                     "y":0
                  }
               ]
            }
         },
         "slots":{
            "standing_idle":{
               "attachment":[
                  {
                     "time":0,
                     "name":null
                  }
               ]
            },
            "walking":{
               "attachment":[
                  {
                     "time":0,
                     "name":"gfx/player/walking/walking_01"
                  },
                  {
                     "time":0.1,
                     "name":"gfx/player/walking/walking_02"
                  },
                  {
                     "time":0.2,
                     "name":"gfx/player/walking/walking_03"
                  },
                  {
                     "time":0.3,
                     "name":"gfx/player/walking/walking_04"
                  },
                  {
                     "time":0.4,
                     "name":"gfx/player/walking/walking_05"
                  },
                  {
                     "time":0.5,
                     "name":"gfx/player/walking/walking_06"
                  },
                  {
                     "time":0.6,
                     "name":"gfx/player/walking/walking_07"
                  },
                  {
                     "time":0.7,
                     "name":"gfx/player/walking/walking_08"
                  },
                  {
                     "time":0.8,
                     "name":"gfx/player/walking/walking_09"
                  },
                  {
                     "time":0.9,
                     "name":"gfx/player/walking/walking_10"
                  },
                  {
                     "time":1,
                     "name":"gfx/player/walking/walking_11"
                  },
                  {
                     "time":1.1,
                     "name":"gfx/player/walking/walking_12"
                  }
               ]
            }
         }
      }
   }
}